company,company_rs,loc,money,sb_time,school,title,url
高德红外,1000-9999人,武汉 洪山区 光谷,20-35K·14薪,3-5年,硕士,基带算法工程师,https://www.zhipin.com/job_detail/7766f9bbd76b543903J73dy0FFY~.html
华为,10000人以上,武汉 洪山区 光谷,20-40K·16薪,经验不限,本科,高级软件研发工程师-Java/C/C++/Go/Python,https://www.zhipin.com/job_detail/070dbcf5cff98de203N53dm9ElY~.html
博智林机器人,1000-9999人,武汉 江夏区 流芳,25-50K,1-3年,硕士,SLAM算法工程师,https://www.zhipin.com/job_detail/4eb119268140a8c31H143t69FVE~.html
人人网,1000-9999人,武汉 洪山区 光谷,40-60K,5-10年,本科,技术总监,https://www.zhipin.com/job_detail/a500f03d9307e5cd1XBy29u0GVY~.html
小米,10000人以上,武汉 江夏区 流芳,20-35K,3-5年,本科,PHP开发工程师,https://www.zhipin.com/job_detail/45b0365ca180ae881XN52Nq-EVM~.html
人人网,1000-9999人,武汉 洪山区 光谷,20-30K,5-10年,本科,推荐系统架构师,https://www.zhipin.com/job_detail/0d01b2f982fc960f03Z73965GFU~.html
万科集团,10000人以上,武汉 江夏区 流芳,20-40K,5-10年,本科,高级算法工程师,https://www.zhipin.com/job_detail/178b3c256bf830781Xx-29m6FlI~.html
阿里巴巴集团,10000人以上,武汉 洪山区 关山,20-40K,3-5年,本科,资深java开发工程师,https://www.zhipin.com/job_detail/2ab48cb0bc2d26321Hx80t64Fls~.html
人人网,1000-9999人,武汉 洪山区 光谷,25-35K,5-10年,本科,技术经理,https://www.zhipin.com/job_detail/cc7189a60282e3131nF93N26E1U~.html
alibaba,10000人以上,武汉 武昌区 紫阳,25-50K·15薪,3-5年,本科,杭州Java开发岗位-工作地点杭州,https://www.zhipin.com/job_detail/5ec3204d2bfb31b203F53t69F1c~.html
良品铺子,10000人以上,武汉 东西湖区 金银湖,20-30K,5-10年,本科,架构师,https://www.zhipin.com/job_detail/c1c97415c093e9be1nJy39i-GFo~.html
小米,10000人以上,武汉 江夏区 光谷,20-40K,3-5年,本科,数据开发,https://www.zhipin.com/job_detail/27fb01a621f4b5f41XB93dW0F1I~.html
阿里巴巴国际事业部,10000人以上,武汉 武昌区 积玉桥,29-30K,5-10年,本科,开发专家,https://www.zhipin.com/job_detail/109df648e9567f591XF80ti6GVM~.html
尚德机构,10000人以上,武汉 洪山区 光谷,20-40K·15薪,5-10年,本科,高级音视频开发工程师,https://www.zhipin.com/job_detail/f87dc0b2a329678c03F80t24F1U~.html
斗鱼,500-999人,武汉 洪山区 光谷,20-30K·15薪,5-10年,本科,java开发工程师,https://www.zhipin.com/job_detail/603d94854d72f8db03Fy2d6_E1s~.html
斗鱼直播,1000-9999人,武汉 洪山区 光谷,20-30K·15薪,5-10年,本科,高级产品经理（商业活动）,https://www.zhipin.com/job_detail/9825cdedda0d08441H1-3Ni4GFE~.html
小米,10000人以上,武汉 江夏区 流芳,20-35K,3-5年,本科,测试开发工程师,https://www.zhipin.com/job_detail/623163b855c631eb1HZ-2dS8E1o~.html
金山办公软件,1000-9999人,武汉 洪山区 关山,20-40K,3-5年,本科,大数据开发工程师,https://www.zhipin.com/job_detail/732b5b25abf169ab1HN93960EVY~.html
武汉联影医疗,1000-9999人,武汉 江夏区 光谷东,25-40K,经验不限,博士,机器人控制算法工程师,https://www.zhipin.com/job_detail/609a38f6574958b01HJ82927GVs~.html
阿里巴巴集团,10000人以上,武汉 武昌区 积玉桥,25-50K,3-5年,本科,资深java开发工程师-WH,https://www.zhipin.com/job_detail/1e634eec333a85eb1nJ609q8FVs~.html
阿里巴巴集团,10000人以上,武汉 洪山区 关山,20-40K,1-3年,本科,高级开发工程师/技术专家,https://www.zhipin.com/job_detail/815b36eb44649a6c1XF829y-GVQ~.html
武汉联影医疗,1000-9999人,武汉 江夏区 光谷东,25-40K,经验不限,博士,机器人算法工程师,https://www.zhipin.com/job_detail/21394b52d1f6fe641HJ40t29E1o~.html
小米,10000人以上,武汉 江夏区 光谷,30-50K,经验不限,硕士,自然语言处理算法工程师,https://www.zhipin.com/job_detail/dde6c305555995331HV_2di4GVc~.html
中设数字,100-499人,武汉 汉阳区 王家湾,30-50K·14薪,5-10年,本科,研发总监,https://www.zhipin.com/job_detail/49af2833ad47769b03d-39u4F1s~.html
大玩家,1000-9999人,武汉 江夏区 光谷东,20-40K,5-10年,本科,系统架构师,https://www.zhipin.com/job_detail/484b3658c7fa401b03J43tu_E1M~.html
芯知软件,100-499人,武汉 洪山区 光谷,20-40K,3-5年,大专,camera驱动工程师,https://www.zhipin.com/job_detail/9175dfa85162bb9803R92tq4EFI~.html
青藤云安全,100-499人,武汉 洪山区 光谷,20-35K,5-10年,本科,资深Java开发工程师(架构方向),https://www.zhipin.com/job_detail/559cf276d1b344ff1XN-39-0EVI~.html
芯知软件,100-499人,武汉 洪山区 光谷,20-40K,3-5年,大专,android工程师 （功耗）,https://www.zhipin.com/job_detail/5194fd6f56c97b0c03Z939y1EFQ~.html
今日头条,10000人以上,武汉 洪山区 光谷,20-40K,经验不限,本科,资深/后端开发工程师,https://www.zhipin.com/job_detail/3eba0d630161ba601HV909u5FFA~.html
小米,10000人以上,武汉 江夏区 流芳,20-40K,3-5年,本科,高级PHP开发工程师,https://www.zhipin.com/job_detail/5a255bf6a6a4167a1X153N-1E1A~.html
青藤云安全,100-499人,武汉 洪山区 光谷,25-40K,5-10年,本科,高级C++开发工程师,https://www.zhipin.com/job_detail/36daa3e84e03f0e81XN-39m-Flc~.html
阿里巴巴集团,10000人以上,武汉 武昌区 积玉桥,25-50K,经验不限,本科,Java高级开发/技术专家,https://www.zhipin.com/job_detail/2534c078891229ba1nx52Nq4FVU~.html
阿里巴巴国际事业部,10000人以上,武汉 武昌区 积玉桥,25-50K,5-10年,本科,技术专家,https://www.zhipin.com/job_detail/5d13f18f209c934d1XF929-6EVU~.html
楚天云,100-499人,武汉 洪山区 光谷东,20-30K,经验不限,本科,大数据架构师,https://www.zhipin.com/job_detail/0aa2c22341a389ba03V_3925GVY~.html
芯知软件,100-499人,武汉 洪山区 光谷,20-30K,3-5年,本科,Android应用架构师,https://www.zhipin.com/job_detail/3e152f81ce1d687e1HJy0ty1Fls~.html
多立恒,100-499人,武汉 洪山区 光谷,20-30K,3-5年,本科,架构师,https://www.zhipin.com/job_detail/20e98b1760cbb8321Hdy29y7EVY~.html
芯知软件,100-499人,武汉 洪山区 光谷,20-40K,1-3年,大专,camera开发工程师,https://www.zhipin.com/job_detail/f64e0096fd8d0c9503d82dy8EFE~.html
极目,100-499人,武汉 江夏区 光谷东,20-25K·14薪,3-5年,本科,嵌入式软件开发工程师,https://www.zhipin.com/job_detail/8a9225883a3e1ed603F73t68FVM~.html
武汉明源云,1000-9999人,武汉 洪山区 光谷,20-40K·14薪,3-5年,本科,工作流高级产品经理/产品牵头人,https://www.zhipin.com/job_detail/b15643dfd142f6181HB-2NS7GFc~.html
武大吉奥,1000-9999人,武汉 洪山区 光谷,20-40K,5-10年,本科,技术总监,https://www.zhipin.com/job_detail/0baf4928c75d00561HV83N-4FVE~.html
人人咖,100-499人,武汉 武昌区 水果湖,20-30K,3-5年,本科,搜索算法工程师,https://www.zhipin.com/job_detail/f3b08412bb9943691HV509--E1E~.html
武汉联影医疗,1000-9999人,武汉 江夏区 光谷东,30-50K,经验不限,博士,机器人系统架构专家,https://www.zhipin.com/job_detail/909489b0cd4706cb1HJ409W6EVs~.html
武汉精臣智慧标识,100-499人,武汉 洪山区 南湖,20-30K,5-10年,本科,Java系统架构,https://www.zhipin.com/job_detail/1dd415211983a2f01HB42968EVQ~.html
碧桂园,10000人以上,武汉  ,20-40K,1-3年,本科,运动控制算法工程师,https://www.zhipin.com/job_detail/9f65a8e2a8c030a103N40ti-FlM~.html
斗鱼,500-999人,武汉 洪山区 光谷,20-35K·15薪,3-5年,本科,资深java开发工程师,https://www.zhipin.com/job_detail/b841afc7c3e0da7903R409S_F1Q~.html
天融信,1000-9999人,武汉 洪山区 光谷,20-30K,经验不限,学历不限,密码应用产品部部门经理(J10411),https://www.zhipin.com/job_detail/a80e057d766913761HB_0t66EVM~.html
微派,100-499人,武汉 洪山区 关山,20-35K,3-5年,本科,游戏策划,https://www.zhipin.com/job_detail/0efbc64f2c507d021Xd829S4GVE~.html
大晟极,0-20人,武汉 洪山区 光谷,20-40K,3-5年,硕士,算法工程师,https://www.zhipin.com/job_detail/42a3ee0efc22adad03Jy3du1FVs~.html
芯知软件,100-499人,武汉 洪山区 光谷,20-35K,5-10年,本科,android工程师 （人脸识别）,https://www.zhipin.com/job_detail/8cadb4bfd4d990f81HJy3Ny_FVo~.html
芯知软件,100-499人,武汉 洪山区 光谷,20-30K,3-5年,大专,Android驱动工程师,https://www.zhipin.com/job_detail/0a0aa2078874b24e03Z92Nq_Elo~.html
金山办公软件,1000-9999人,武汉 洪山区 关山,20-40K,3-5年,本科,自然语言处理/NLP,https://www.zhipin.com/job_detail/c215a6cf309590241nJ40tS8GVs~.html
阿里巴巴集团,10000人以上,武汉 武昌区 积玉桥,20-30K,5-10年,本科,Java技术专家,https://www.zhipin.com/job_detail/c750e52bf3da28ad1Xx72di5F1I~.html
芯知软件,100-499人,武汉 洪山区 光谷,20-30K,3-5年,大专,android多媒体音频驱动,https://www.zhipin.com/job_detail/1e3e1043c32c1efe03d82di0GFo~.html
融捷科技,100-499人,武汉 洪山区 光谷,20-30K,3-5年,本科,区块链技术专家,https://www.zhipin.com/job_detail/158df49bf0674c9c1H182d2_F1A~.html
芯知软件,100-499人,武汉 洪山区 光谷,20-35K,5-10年,本科,多媒体音频驱动,https://www.zhipin.com/job_detail/930d2a8625a3f0b21HJy3N-0FlU~.html
风韵出行,100-499人,武汉 洪山区 关山,20-25K,10年以上,本科,架构师,https://www.zhipin.com/job_detail/e07d783ac4d5aac71HF-3dS-GFA~.html
一一万物,100-499人,武汉 洪山区 光谷,20-40K,3-5年,本科,高级Android开发工程师,https://www.zhipin.com/job_detail/f5dbd87c8b80508d03N63tm5FFs~.html
华为,10000人以上,武汉 江夏区 光谷东,25-50K,经验不限,博士,图像算法工程师,https://www.zhipin.com/job_detail/dc4dd3222b55a19e1HB909W5EFA~.html
恒安嘉新,500-999人,武汉 东西湖区 三店,25-50K,5-10年,硕士,大数据架构师,https://www.zhipin.com/job_detail/73ba5f42de11f0c903By3Ni9F1o~.html
万科集团,10000人以上,武汉 江夏区 流芳,25-50K,5-10年,本科,技术架构师,https://www.zhipin.com/job_detail/c062dae213cc67781XZz2dy5E1Q~.html
芯知软件,100-499人,武汉 洪山区 光谷,20-40K,3-5年,大专,android 短距工程师（手机射频短距离）,https://www.zhipin.com/job_detail/e84f442b3a91d19503Z939y_GVU~.html
青藤云安全,100-499人,武汉 洪山区 光谷,20-27K·13薪,5-10年,本科,高级Web前端开发工程师,https://www.zhipin.com/job_detail/238e52f267974af91HZy39y_GFs~.html
芯知软件,100-499人,武汉 洪山区 光谷,20-30K,经验不限,学历不限,中级IQ tuning 工程师,https://www.zhipin.com/job_detail/2ee641e703844f1403B63N2-F1o~.html
融捷科技,100-499人,武汉 洪山区 光谷,20-30K,5-10年,本科,高级Java设计工程师/架构师,https://www.zhipin.com/job_detail/b5014b023e0d262a1X183di7Flc~.html
博智林机器人,1000-9999人,武汉 武昌区 水果湖,20-40K,经验不限,本科,运动控制算法,https://www.zhipin.com/job_detail/8bb5fe5757b7aa6203J-3d65FVY~.html
海瑞可,20-99人,武汉  ,30-35K,5-10年,本科,电梯研发工程师,https://www.zhipin.com/job_detail/4df4256ebfc1012803Jy0961EVA~.html
亚鸿世纪,100-499人,武汉 洪山区 光谷,20-35K,5-10年,本科,数据安全分析师,https://www.zhipin.com/job_detail/f7fafdf002457b381HF_3Nm_EVs~.html
人人网,1000-9999人,武汉 洪山区 光谷,25-35K,5-10年,本科,架构师,https://www.zhipin.com/job_detail/be9de34b7b0d3e641nF63Ni8F1I~.html
武大吉奥,1000-9999人,武汉 洪山区 光谷,25-40K·14薪,10年以上,本科,运营总监,https://www.zhipin.com/job_detail/383f8419066a8fb303N43927FFc~.html
芯知软件,100-499人,武汉 洪山区 光谷,20-30K,3-5年,大专,android  Linux内核开发,https://www.zhipin.com/job_detail/ae76c424285f976803d82N27EVo~.html
武汉光庭科技有限...,100-499人,武汉 江夏区 藏龙岛,20-40K,经验不限,大专,软件工程师（自动驾驶方向）,https://www.zhipin.com/job_detail/385e083a0b8c794f1Hx929m_FFI~.html
极验验证,100-499人,武汉 洪山区 光谷,25-35K·14薪,5-10年,本科,大数据架构师,https://www.zhipin.com/job_detail/65655c58e894805d1Hxz09i4E1I~.html
中移智行武汉分公司,100-499人,武汉 洪山区 黄家湖大学城,20-30K,5-10年,本科,车联网架构师,https://www.zhipin.com/job_detail/7d9f01125c2542a31HF_2Ny-EVU~.html
小米,10000人以上,武汉 江夏区 光谷,20-40K,1-3年,本科,NLP研发工程师,https://www.zhipin.com/job_detail/9ec3bf2e3e03251603d93dS5GFs~.html
芯知软件,100-499人,武汉 洪山区 光谷,20-35K,3-5年,本科,多媒体音频服务,https://www.zhipin.com/job_detail/0b7eaf339c28d9371HN62tm9Elo~.html
得见科技,20-99人,武汉 武昌区 水果湖,20-40K,1-3年,本科,Vray图形渲染开发工程师,https://www.zhipin.com/job_detail/4a75cb7d93ba51e103Jy3dy-GFU~.html
阿里巴巴集团,10000人以上,武汉 武昌区 积玉桥,22-44K,3-5年,本科,资深前端开发工程师-WH,https://www.zhipin.com/job_detail/0dd69ff7ee927cc61nJ_0ti9FFA~.html
复星,500-999人,武汉 硚口区 汉中,20-25K·15薪,5-10年,本科,高级数据仓库工程师,https://www.zhipin.com/job_detail/f91b66c212100b6803N62dW6E1I~.html
武汉明源云,1000-9999人,武汉 洪山区 光谷,20-40K,5-10年,大专,.NET架构师,https://www.zhipin.com/job_detail/e331ba07d74e3cbb03B62Ni0EVU~.html
日创科技,20-99人,武汉 洪山区 光谷,21-40K,5-10年,本科,技术架构师,https://www.zhipin.com/job_detail/c97ff2fe1601a98b1HVy39--EFM~.html
湖北红杏生态,100-499人,武汉 硚口区 古田,20-30K,5-10年,本科,工程财务总  IPO,https://www.zhipin.com/job_detail/914dfbcf6db6577003d-3Ni9F1U~.html
人人网,1000-9999人,武汉 洪山区 光谷,35-50K,5-10年,本科,武汉分公司高级技术经理,https://www.zhipin.com/job_detail/1ad77182691c02881nF92N69GVo~.html
多比特,100-499人,武汉 洪山区 光谷,20-40K,3-5年,本科,H5游戏技术主管,https://www.zhipin.com/job_detail/5e034a5ca01e0abf1Hxy0966FFM~.html
极验验证,100-499人,武汉  ,20-40K,5-10年,本科,高级测试开发,https://www.zhipin.com/job_detail/25a15f14559b617503J-39m0E1I~.html
中信网科,1000-9999人,武汉 武昌区 水果湖,20-30K·13薪,5-10年,本科,Android开发工程师,https://www.zhipin.com/job_detail/0c5f681f5d510d321HZ_39y1FlA~.html
微模式软件,100-499人,武汉  ,40-45K,1-3年,博士,高级图像算法工程师,https://www.zhipin.com/job_detail/3900383849aa39bc1HR62dS5GVA~.html
武汉乐易,20-99人,武汉 武昌区 杨园,25-35K,5-10年,本科,架构师（java方向）,https://www.zhipin.com/job_detail/f5ad2f753605adc803By3Ny0E1o~.html
链云科技,0-20人,武汉 江夏区 光谷东,30-60K,5-10年,本科,高级大数据架构师,https://www.zhipin.com/job_detail/4fa5eb34c0cad5df1Xx43968FVA~.html
日创科技,20-99人,武汉 洪山区 光谷,20-35K,3-5年,本科,云工程师,https://www.zhipin.com/job_detail/95ea0fff423765851HVy3927E1Y~.html
海兰信,500-999人,武汉 洪山区 光谷,20-40K·14薪,10年以上,硕士,大数据产品经理,https://www.zhipin.com/job_detail/d06fe9ff70570cd303d83tS-GFI~.html
阿里巴巴集团,10000人以上,武汉 洪山区 关山,20-40K,经验不限,本科,前端开发专家,https://www.zhipin.com/job_detail/2066f8610e796d311XJ42di8Flo~.html
芯知软件,100-499人,武汉 洪山区 光谷,20-30K,3-5年,大专,Android多媒体框架工程师,https://www.zhipin.com/job_detail/a3a305bb298adb8203Z92Nu1Elc~.html
一一万物,100-499人,武汉 洪山区 光谷,20-40K,3-5年,本科,H5小程序开发工程师,https://www.zhipin.com/job_detail/6d1a790628396a8f03B939u-FlQ~.html
北京锐安科技,1000-9999人,武汉 洪山区 光谷,20-30K·13薪,5-10年,本科,研发项目经理,https://www.zhipin.com/job_detail/3e93a67dfccef7351Hxy0928Elc~.html
芯知软件,100-499人,武汉 洪山区 光谷,20-30K,3-5年,大专,telephony通话开发,https://www.zhipin.com/job_detail/7fa7cca2d9c2502c03d82dS9EFs~.html
芯知软件,100-499人,武汉 洪山区 光谷,20-40K,3-5年,大专,android framework框架工程师,https://www.zhipin.com/job_detail/b59e5e3db7b79d7b03Z939y9ElM~.html
武汉昱辰金属装饰,总经理,武汉  ,50-60K,3-5年,学历不限,CAD绘图员,https://www.zhipin.com/job_detail/7f94281acd64654a03J92dS1EVY~.html
璇瑞智佳装饰,1000-9999人,武汉 武昌区 水果湖,20-30K,3-5年,本科,java高级架构师,https://www.zhipin.com/job_detail/cbcc40067788a8de1HB92tq4E1s~.html
华为,10000人以上,武汉 江夏区 光谷东,20-40K·16薪,经验不限,本科,高级软件研发工程师-Java/C/C++/Go/Python,https://www.zhipin.com/job_detail/bc8b1325938d0e0103N53dm4FlM~.html
扫呗,100-499人,武汉 青山区 红钢城,20-30K,3-5年,本科,系统架构师,https://www.zhipin.com/job_detail/e2dc8d55dfa7d9de1Hx70964EVo~.html
一一万物,100-499人,武汉 洪山区 光谷,25-40K,3-5年,本科,UX设计经理,https://www.zhipin.com/job_detail/71633356f000c9851HJ_2d-7EVQ~.html
人人网,1000-9999人,武汉 洪山区 光谷,20-35K,5-10年,本科,高级java,https://www.zhipin.com/job_detail/9cf21325947fdfcc1ndy09y7F1Q~.html
工银安盛,10000人以上,武汉 武昌区 水果湖,25-45K,5-10年,本科,销售总监,https://www.zhipin.com/job_detail/987cd3f91786443603Zy2dq6Flo~.html
楚天云,100-499人,武汉 洪山区 光谷东,20-25K,5-10年,本科,自动化运维工程师,https://www.zhipin.com/job_detail/3c96af9e24e378911Hx509y9GVo~.html
阿里巴巴集团,10000人以上,武汉  ,20-40K·13薪,3-5年,本科,高级java工程师（杭州工作）,https://www.zhipin.com/job_detail/b588af78e80904a303d42Nm1EFo~.html
尚德机构,10000人以上,武汉 洪山区 光谷,20-40K,1-3年,本科,项目经理 上市公司,https://www.zhipin.com/job_detail/eea720b375ea5c0603N53di9ElY~.html
今日头条,10000人以上,武汉 洪山区 光谷,35-55K,1-3年,大专,今日头条OMT高级顾问（针对精准意向客户）,https://www.zhipin.com/job_detail/2091932e8091297103d929y9Flc~.html
卓越印象空间,100-499人,武汉 江汉区 武广,20-40K,5-10年,大专,设计总监,https://www.zhipin.com/job_detail/7979cf64f13d197a1HV70t68GFo~.html
人人网,1000-9999人,武汉 洪山区 光谷,20-40K,5-10年,本科,elasticsearch ES工程师,https://www.zhipin.com/job_detail/1c85608a8faa9a641X1_3d-5ElA~.html
第一秒电商,500-999人,武汉 洪山区 关山,25-35K,5-10年,大专,技术总监（武汉）,https://www.zhipin.com/job_detail/97e767a6780298ac03Z729-0FFM~.html
阿里巴巴集团,10000人以上,武汉 武昌区 积玉桥,30-60K,3-5年,本科,Java开发工程师/专家,https://www.zhipin.com/job_detail/bf57796c253b8b0f1HJ73Nq5E1o~.html
瑞思信息,20-99人,武汉  ,20-30K,5-10年,硕士,研发经理/技术总监,https://www.zhipin.com/job_detail/4afbd714337677f21Hd93NW0FlM~.html
盛世华朝,100-499人,武汉 江夏区 光谷,25-35K,1-3年,大专,云计算开发工程师（驻日）,https://www.zhipin.com/job_detail/66f2e1db8c34730503B_0t-_EFI~.html
维也纳酒店,10000人以上,武汉 洪山区 卓刀泉,45-50K,经验不限,学历不限,客房主管,https://www.zhipin.com/job_detail/69ab7914f50bb3ae03B63t61FFA~.html
网幂科技,20-99人,武汉 洪山区 珞狮南路,35-41K,3-5年,本科,流量变现,https://www.zhipin.com/job_detail/ae5903e93b04f7521Xd43dm_FFE~.html
武汉联影医疗,1000-9999人,武汉 江夏区 光谷东,25-40K,经验不限,博士,机器人系统工程师,https://www.zhipin.com/job_detail/3a5bc3acd5d255511HJ829-_FFc~.html
驿宝通科技,20-99人,武汉 洪山区 珞狮南路,20-30K,5-10年,本科,架构师,https://www.zhipin.com/job_detail/6985a1ecae19ce9c1HJ52Nq6GFY~.html
武汉亿众益,20-99人,武汉 洪山区 光谷,20-40K,1-3年,硕士,区块链开发工程师,https://www.zhipin.com/job_detail/569980c11b90191e1n1_2Nm6FVU~.html
原研三品,20-99人,武汉 汉阳区 晴川,20-40K,5-10年,本科,技术合伙人,https://www.zhipin.com/job_detail/505d9535b3abc7751nd-39S1EFA~.html
盛世华朝,100-499人,武汉 江夏区 光谷,25-35K,经验不限,大专,系统开发工程师（驻日）,https://www.zhipin.com/job_detail/0f6e9f584c45163f03B_0ti9Elc~.html
人人网,1000-9999人,武汉 洪山区 光谷,20-35K,5-10年,本科,推荐算法工程师,https://www.zhipin.com/job_detail/62f8d54e513f466303F_09q-GVo~.html
阿里巴巴集团,10000人以上,武汉 洪山区 光谷,25-40K,3-5年,本科,前端开发专家,https://www.zhipin.com/job_detail/7cbc9358d89e28b31XF62Nu-GFc~.html
深圳市财富趋势科...,100-499人,武汉 洪山区 光谷,20-30K,3-5年,本科,安全工程师,https://www.zhipin.com/job_detail/fec89c886a1e58591Hd409-7E1A~.html
湖北建科集团,1000-9999人,武汉 洪山区 光谷,25-35K,10年以上,本科,副院长（建筑总工）,https://www.zhipin.com/job_detail/23b0d5be233b2ae81XB83dy_F1Q~.html
诸相网络,100-499人,武汉 洪山区 光谷,25-50K,10年以上,大专,技术总监,https://www.zhipin.com/job_detail/4d1f919b4e45832403J-2960F1Q~.html
掌门1对1,10000人以上,武汉 洪山区 关山,20-30K,经验不限,大专,销售实习/管培生/8000+五险一金,https://www.zhipin.com/job_detail/2771a608ebf4b09403Z639m_GVc~.html
DaoCloud,100-499人,武汉 洪山区 关山,20-30K,5-10年,本科,开发技术经理/微服务架构师,https://www.zhipin.com/job_detail/e35de324bcb83b7803B43Nm6GVc~.html
武大吉奥,1000-9999人,武汉 洪山区 光谷,20-40K,经验不限,博士,高级专家引进-博士,https://www.zhipin.com/job_detail/0a1e819fa7c8d14e1H162t65EFo~.html
伴鱼,1000-9999人,武汉 洪山区 光谷,20-25K,1年以内,大专,线上教育电销(提供资源+600房补）,https://www.zhipin.com/job_detail/f54de829be2ddd2a03Zy2N6_EFc~.html
小码教育,1000-9999人,武汉 洪山区 光谷,20-30K,5-10年,学历不限,武汉校长/城市负责人,https://www.zhipin.com/job_detail/a933c7f7d9ea54841Hd83NS7EVc~.html
小米,10000人以上,武汉 江夏区 流芳,20-40K,3-5年,本科,产品经理-新零售,https://www.zhipin.com/job_detail/9c5d38808de40e521HJ52Ni1ElA~.html
光派,HR,武汉 洪山区 光谷,20-25K,3-5年,学历不限,3D次时代场景组长,https://www.zhipin.com/job_detail/7f81ebe887d1037a03B92Nm0FlE~.html
小红书,1000-9999人,武汉 洪山区 光谷,20-40K·15薪,3-5年,本科,Java,https://www.zhipin.com/job_detail/31cfcfd727f8a43a03Bz39i5GFI~.html
晟威保安,10000人以上,武汉 蔡甸区 沌口,40-45K,经验不限,学历不限,金色港湾小区保安员,https://www.zhipin.com/job_detail/eacad13828984d3d03J53N69FFE~.html
红杏生态环境,100-499人,武汉 硚口区 古田,20-30K,5-10年,本科,工程财务总IPO,https://www.zhipin.com/job_detail/a78400f3c4feacec03F70tu4EFA~.html
高度国际,1000-9999人,武汉 武昌区 水果湖,20-30K,3-5年,大专,VIP大客户经理,https://www.zhipin.com/job_detail/a9589bb8116a868f03d4296_EVA~.html
平安普惠投资咨询有限公司,10000人以上,武汉 江汉区 花桥,20-30K,经验不限,学历不限,金融咨询顾问(实习),https://www.zhipin.com/job_detail/04905063891c06a51Xx639q_FlI~.html
芯知软件,100-499人,武汉 洪山区 光谷,20-40K,3-5年,大专,camera驱动开发,https://www.zhipin.com/job_detail/36c91e3a0d9243a003Z939-_ElI~.html
宏利金融全球服务中心,10000人以上,武汉 江岸区 永清,20-40K,5-10年,大专,销售管理,https://www.zhipin.com/job_detail/681d8d7dd8ddf6b31HZz0t6_FlY~.html
伴鱼,1000-9999人,武汉 洪山区 光谷,20-25K,1年以内,大专,K12课程销售底薪4.6K 晋升快,https://www.zhipin.com/job_detail/dff581bb5c842c2203Z92dm7FVM~.html
维也纳酒店,10000人以上,武汉 洪山区 卓刀泉,40-45K,经验不限,学历不限,客房服务员,https://www.zhipin.com/job_detail/707ef8b79063f0c003R72N69GVE~.html
软通动力,10000人以上,武汉 江夏区 光谷东,11-22K,经验不限,本科,linux C/嵌入式/C开发,https://www.zhipin.com/job_detail/c211bc179c670eed03V72dm_FVs~.html
宜信公司,10000人以上,武汉 洪山区 关山,25-30K,3-5年,本科,商务渠道经理,https://www.zhipin.com/job_detail/03277d258971f30e03Vz2t6-GVs~.html
小米,10000人以上,武汉 江夏区 流芳,13-26K,3-5年,本科,SAP-SRM业务顾问,https://www.zhipin.com/job_detail/6b60a2a1c782313b03B53ty7EFo~.html
中兴瑞华,100-499人,武汉 硚口区 古田,20-30K,5-10年,本科,COO（首席运营官，运营总经理）,https://www.zhipin.com/job_detail/8d2c245cdbb40b7a1XR_2Ni8E1A~.html
新华三技术有限公司,10000人以上,武汉 江岸区 三阳路,10-15K,3-5年,本科,网络工程师,https://www.zhipin.com/job_detail/308d1029e9c290111HN90tm4ElI~.html
芯知软件,100-499人,武汉 洪山区 光谷,20-40K,经验不限,学历不限,camera驱动开发（HAL）,https://www.zhipin.com/job_detail/a5ad59c674c8773f03B63NS9FlM~.html
平安普惠,10000人以上,武汉 洪山区 徐东,20-40K,经验不限,本科,车抵贷客户经理,https://www.zhipin.com/job_detail/2228ae3c9928c2fa03F50tm_EFU~.html
易久批,1000-9999人,武汉 洪山区 光谷东,20-30K,5-10年,本科,技术经理,https://www.zhipin.com/job_detail/e80fc3d73208d0be1Hd_3tS6GVU~.html
海信股份有限公司,10000人以上,武汉 江夏区 藏龙岛,11-20K,3-5年,本科,后台开发工程师,https://www.zhipin.com/job_detail/005679b7fa3007601Hd82tm1GVc~.html
神州数码,10000人以上,武汉 洪山区 珞南,11-16K,5-10年,本科,需求分析师,https://www.zhipin.com/job_detail/cdca90323af27d5903Z73Ny1EFY~.html
中软国际,10000人以上,武汉 江夏区 光谷东,10-15K,3-5年,本科,Java开发工程师,https://www.zhipin.com/job_detail/4412e6e075a7ad2403Z73N21E1E~.html
甲骨文,10000人以上,武汉 江岸区 永清,20-40K,5-10年,本科,ADW自治数据仓库云顾问(武汉 合肥),https://www.zhipin.com/job_detail/50dd4d47ed236e4c1H1929m1FVA~.html
武汉盛硕,100-499人,武汉 洪山区 白沙洲,20-25K,10年以上,本科,高级架构师,https://www.zhipin.com/job_detail/431251a2ebd8bbaf1H153d21Flc~.html
神州信息,1000-9999人,武汉 江夏区 光谷,25-50K,5-10年,本科,高级咨询师,https://www.zhipin.com/job_detail/ba1f036d6d490eb603J-2d66GVc~.html
阿里巴巴国际事业部,10000人以上,武汉 武昌区 积玉桥,20-40K,经验不限,本科,资深Java开发工程师/技术专家,https://www.zhipin.com/job_detail/818ab3f22e13148c1XF83tS1EVA~.html
阿里巴巴集团,10000人以上,武汉 武昌区 积玉桥,18-30K,3-5年,本科,Java-杭州岗,https://www.zhipin.com/job_detail/90ea21478efae3c91n152dy0EVs~.html
伴鱼,1000-9999人,武汉 洪山区 关山,20-40K,1年以内,大专,最赚钱的电销岗位（优质资源+晋升机会）,https://www.zhipin.com/job_detail/eae9171a95b63f4803V82N60EFE~.html
小米,10000人以上,武汉 江夏区 光谷,15-25K,3-5年,本科,Java,https://www.zhipin.com/job_detail/5f3d75483b1cc67b1Xd_3Nm9GFo~.html
小米,10000人以上,武汉 江夏区 光谷,13-26K,3-5年,本科,java开发工程师 客服,https://www.zhipin.com/job_detail/c1d044732f41e70c1H182d28FVI~.html
芯知软件,100-499人,武汉 洪山区 光谷,20-30K,5-10年,大专,安卓系统工程师,https://www.zhipin.com/job_detail/659a82cbbcd919e603Z92N61EVM~.html
溢米辅导,1000-9999人,武汉 江汉区 车站,25-30K,经验不限,学历不限,学科教学总监,https://www.zhipin.com/job_detail/8ca8bee88ec155651XR_09q-FFA~.html
药师帮,1000-9999人,武汉 汉阳区 王家湾,20-40K,经验不限,本科,省区经理,https://www.zhipin.com/job_detail/acd942ed819dcf9d03V53N-9FlI~.html
中移智行武汉分公司,100-499人,武汉 洪山区 黄家湖大学城,25-30K,5-10年,本科,平台架构师,https://www.zhipin.com/job_detail/f989cadbe889862a1HF63ti_FFU~.html
武汉佰钧成,10000人以上,武汉 江汉区 常青,15-20K,经验不限,本科,C++开发工程师,https://www.zhipin.com/job_detail/19c9c052e5fb23bb03Jz3N-5Elo~.html
阿里巴巴集团,10000人以上,武汉 武昌区 积玉桥,20-40K,3-5年,本科,资深java开发（工作地：杭州）,https://www.zhipin.com/job_detail/416e0d7e6d612e8b03V40ti-F1o~.html
软通动力,10000人以上,武汉 洪山区 ,11-20K·13薪,3-5年,本科,Java,https://www.zhipin.com/job_detail/2c2495a1c760ed931XRy2Ny0EVU~.html
芯知软件,100-499人,武汉 洪山区 光谷,20-40K,经验不限,学历不限,高级IQ tuning 工程师,https://www.zhipin.com/job_detail/1d877330ac512a8303B63dS7GFc~.html
小米,10000人以上,武汉 江夏区 流芳,13-26K,3-5年,本科,测试工程师,https://www.zhipin.com/job_detail/dabd9755dbc1442f1HRy39q4FVY~.html
芯知软件,100-499人,武汉 洪山区 光谷,20-30K,1-3年,大专,android相机应用开发,https://www.zhipin.com/job_detail/2441e1d90f9a16c603d82d-7FVE~.html
北京爱康医疗投资...,10000人以上,武汉 硚口区 万松,30-60K,5-10年,本科,普外科主任,https://www.zhipin.com/job_detail/a304c14ce23670281X190tu-ElM~.html
小米,10000人以上,武汉 江夏区 流芳,17-28K,3-5年,本科,Java开发工程师-新零售中台,https://www.zhipin.com/job_detail/76f6b60608c946561HB_2d-1FFA~.html
中宏人寿保险,10000人以上,武汉 江岸区 永清,30-50K,3-5年,本科,保险理财顾问,https://www.zhipin.com/job_detail/4d218c8e20d52e131XN529S0EFs~.html
软通动力,10000人以上,武汉 江夏区 光谷东,15-30K·14薪,1-3年,本科,安卓,https://www.zhipin.com/job_detail/64343ae54b5d18f51X1529m8E1E~.html
中软国际,10000人以上,武汉  ,12-24K,3-5年,本科,Android开发工程师,https://www.zhipin.com/job_detail/abc30472cb5fdc9c1HZz3tW_GFs~.html
美丽修行,100-499人,武汉 洪山区 关山,20-30K,5-10年,本科,增长产品经理,https://www.zhipin.com/job_detail/f70cc673a431f1b31H1z396_ElY~.html
软通动力,10000人以上,武汉 洪山区 花山,10-15K,3-5年,本科,Java,https://www.zhipin.com/job_detail/512f5f5988f481c81nV93t25Elc~.html
武汉佰钧成,10000人以上,武汉 江夏区 光谷东,11-20K,3-5年,本科,安卓开发工程师,https://www.zhipin.com/job_detail/c81eb3799fa8407e1Hx73tW5EFQ~.html
武汉佰钧成,10000人以上,武汉 东西湖区 金银湖,10-15K,1-3年,本科,C++,https://www.zhipin.com/job_detail/e7f366557c4df85803B53ty5EVI~.html
小米,10000人以上,武汉 江夏区 流芳,13-26K,3-5年,本科,大数据开发工程师,https://www.zhipin.com/job_detail/0076cb56353a80591HRy3tq0F1U~.html
绘一科技,0-20人,武汉 洪山区 光谷,20-40K,3-5年,本科,高级游戏开发工程师,https://www.zhipin.com/job_detail/2553d9e4efb56dc31HB93t26FlY~.html
小米,10000人以上,武汉 江夏区 流芳,13-26K,3-5年,本科,中高级功能测试,https://www.zhipin.com/job_detail/96b34beeebced21f03F-0t28E1I~.html
古奥基因,20-99人,武汉 洪山区 珞南,25-30K,经验不限,博士,资深算法工程师（博士，三维图像方向）,https://www.zhipin.com/job_detail/0cd56c4ac461465103F90t-7FFQ~.html
武汉联影医疗,1000-9999人,武汉 江夏区 光谷东,30-50K,经验不限,博士,机器人系统架构专家,https://www.zhipin.com/job_detail/218ce6ccac6732571HJ829y7Elo~.html
软通动力,10000人以上,武汉 洪山区 珞狮南路,13-18K,3-5年,本科,Java开发工程师,https://www.zhipin.com/job_detail/99a2ca74b97850591X1-39y7E1s~.html
小米,10000人以上,武汉 江夏区 光谷,15-30K,3-5年,本科,php开发工程师-武汉,https://www.zhipin.com/job_detail/d691f7760d89f3631HB43dy0E1M~.html
小米,10000人以上,武汉 江夏区 流芳,13-26K,1-3年,本科,PHP/GO开发工程师-商城,https://www.zhipin.com/job_detail/a0d91c57d375b6231HRy0tu0GVI~.html
斗鱼,500-999人,武汉 洪山区 光谷,20-30K·15薪,5-10年,本科,高级运维开发工程师,https://www.zhipin.com/job_detail/2db9eec3892a6a6603B53dq4FVs~.html
软通动力,10000人以上,武汉 江夏区 光谷东,10-15K,1-3年,本科,嵌入式C开发,https://www.zhipin.com/job_detail/173ca823a5e8616b03R92tu-ElM~.html
一一万物,100-499人,武汉 洪山区 光谷,50-80K·14薪,3-5年,本科,设计总监,https://www.zhipin.com/job_detail/6ebdfdb057aa5d461H1z0t2-FVc~.html
武汉佰钧成,10000人以上,武汉 江汉区 常青,10-15K,5-10年,本科,Web前端开发工程师,https://www.zhipin.com/job_detail/6a8f6cd752910b8d03N60tW8GVI~.html
烽火通信,10000人以上,武汉 江夏区 藏龙岛,11-20K,经验不限,本科,软件工程师(IPTV浏览器),https://www.zhipin.com/job_detail/dc9826613ecfbea31HZ53ty7F1U~.html
平安,10000人以上,武汉 洪山区 卓刀泉,20-30K,3-5年,本科,私人财富顾问,https://www.zhipin.com/job_detail/473f3a8b1072b3ce1HF_09i_GVA~.html
神州数码,10000人以上,武汉 洪山区 珞狮南路,10-15K,3-5年,本科,java开发,https://www.zhipin.com/job_detail/77d0cb9ed2dd90a01HF739q7EFY~.html
青藤云安全,100-499人,武汉 洪山区 光谷,25-30K,5-10年,本科,高级/资深C++开发工程师,https://www.zhipin.com/job_detail/1c5f7c1e0e29c1381HN40tq-GFs~.html
大玩家,1000-9999人,武汉 江夏区 光谷东,13-25K,5-10年,本科,高级运维工程师-Docker,https://www.zhipin.com/job_detail/737269ccc714f6b71HN_2t-8GFs~.html
途虎养车网,1000-9999人,武汉 洪山区 光谷,12-15K·14薪,5-10年,本科,高级测试工程师,https://www.zhipin.com/job_detail/48eaeead3077298a1Hxz2dq0GFc~.html
璇瑞智佳装饰,1000-9999人,武汉 江汉区 常青,10-15K,3-5年,本科,高级java后台,https://www.zhipin.com/job_detail/4a39f6941a8a76dc03J4392-E1s~.html
奇安信集团,1000-9999人,武汉 洪山区 光谷,20-35K,5-10年,本科,大数据架构师,https://www.zhipin.com/job_detail/1ffb67f454918a7203Vy39S6F1U~.html
人人公司,1000-9999人,武汉 洪山区 光谷,20-40K,3-5年,本科,CRM高级产品经理,https://www.zhipin.com/job_detail/19a0c12f58bb81661HZ93t21EVc~.html
科蓝软件,1000-9999人,武汉  ,11-18K,3-5年,本科,大数据运维工程师-武汉,https://www.zhipin.com/job_detail/577d2b14bcfa18a703F709y6Fls~.html
轻氧洗衣,100-499人,武汉 洪山区 光谷,20-30K,5-10年,本科,JAVA研发工程师,https://www.zhipin.com/job_detail/e926255010a7c9191H182Ny7FlY~.html
芯知软件,100-499人,武汉 洪山区 光谷,20-30K,3-5年,大专,系统安全工程师,https://www.zhipin.com/job_detail/437d477a3aee638b03Z92Nq6FlU~.html
博泰(PATEO),1000-9999人,武汉 蔡甸区 沌口,10-15K,5-10年,本科,Java工程师,https://www.zhipin.com/job_detail/01924f0ae32c1aa81HJ73di7Els~.html
中软国际,10000人以上,武汉 江夏区 光谷东,10-15K,1-3年,本科,C++开发工程师,https://www.zhipin.com/job_detail/5585a81bde92605003Z52dy1FlM~.html
日创科技,20-99人,武汉 洪山区 光谷,20-28K,1-3年,本科,测试专家,https://www.zhipin.com/job_detail/03e51fd07db53da91HVy39y7EVI~.html
阿里巴巴集团,10000人以上,武汉 武昌区 积玉桥,20-35K·16薪,3-5年,本科,Java高级开发工程师-杭州,https://www.zhipin.com/job_detail/a76ef4078e03fe4603F80964F1Q~.html
亚鸿世纪,100-499人,武汉 洪山区 光谷,20-40K,5-10年,本科,数据安全专家,https://www.zhipin.com/job_detail/7b8eb1a2930804e91HN53Ni_EVA~.html
烽火通信,10000人以上,武汉 洪山区 光谷,10-15K,经验不限,本科,软件工程师,https://www.zhipin.com/job_detail/3e3c7ad02ec707ae1HZ53Nu9E1E~.html
烽火通信,10000人以上,武汉 江夏区 藏龙岛,11-20K,经验不限,本科,软件工程师(Android 系统),https://www.zhipin.com/job_detail/67ae8bf423818a2f1HZ53d65Els~.html
玩美童画美术教育,500-999人,武汉 东西湖区 吴家山,40-55K,1年以内,大专,少儿美术教师,https://www.zhipin.com/job_detail/511a41f46ece4e121HJ53N26F1Y~.html
工银安盛,10000人以上,武汉 武昌区 汉街,20-30K,1年以内,大专,团队经理,https://www.zhipin.com/job_detail/0389d7ae63a839701HV609i0E1U~.html
友信,1000-9999人,武汉 汉阳区 王家湾,150-200K,经验不限,学历不限,信贷客户经理,https://www.zhipin.com/job_detail/70cb6a0ce7575fb003N639q0GFU~.html
暗泉信息,20-99人,武汉 江汉区 北湖,50-80K·15薪,经验不限,学历不限,漏洞挖掘工程师,https://www.zhipin.com/job_detail/38b61bc98d014d951Hx5396-FFs~.html
小米,10000人以上,武汉 江夏区 流芳,13-26K,3-5年,本科,产品经理-业务中台,https://www.zhipin.com/job_detail/a72e003f43786c9b1HJ52Ni-GVc~.html
博彦科技,1000-9999人,武汉 江夏区 光谷,10-12K,1-3年,本科,前端开发,https://www.zhipin.com/job_detail/7a1e0a6e19642e7d03Z73Nq0FlM~.html
航天宏图,1000-9999人,武汉 武昌区 水果湖,12-20K,1-3年,硕士,PIEOrtho算法研发人员,https://www.zhipin.com/job_detail/d17259dfb909fe851HV-392_EVI~.html
小米,10000人以上,武汉 江夏区 光谷,13-26K,经验不限,本科,PHP/GO开发工程师,https://www.zhipin.com/job_detail/94cea8746f74040f1Hd729S0FFo~.html
中软国际,10000人以上,武汉  ,12-24K,3-5年,本科,结构设计工程师,https://www.zhipin.com/job_detail/1a9892803f3e7bbc1HJ53N6_E1c~.html
平安普惠,1000-9999人,武汉 硚口区 宗关,20-40K,1年以内,大专,咨询顾问,https://www.zhipin.com/job_detail/859407937b7552d61Hd73t-8EFc~.html
北京水象科技,1000-9999人,武汉 江夏区 光谷,15-25K,3-5年,大专,嵌入式软件工程师,https://www.zhipin.com/job_detail/60a54e6b4402523803J43NS0EVA~.html
诚迈科技,1000-9999人,武汉 江夏区 光谷东,15-20K,3-5年,本科,windows c++,https://www.zhipin.com/job_detail/7b8d8a6dedec3a611HB73Ni9FVE~.html
武汉佰钧成,10000人以上,武汉 江夏区 光谷东,10-15K,3-5年,本科,web前端,https://www.zhipin.com/job_detail/a8c6af0c2e5909bd1Xd42Ni9Elc~.html
小米,10000人以上,武汉 江夏区 流芳,13-26K,1-3年,本科,线下零售- 高级PHP开发工程师,https://www.zhipin.com/job_detail/f70b13ff18527c261X1-2Ni9GVI~.html
大玩家,1000-9999人,武汉 江夏区 光谷东,15-30K,5-10年,本科,Java资深工程师,https://www.zhipin.com/job_detail/9bc2164e1b746daa1nJ709y-EVA~.html
楚天云,100-499人,武汉 洪山区 光谷东,20-25K,经验不限,本科,大数据解决方案工程师,https://www.zhipin.com/job_detail/ed38855bf2cfb84403V_39y-GVI~.html
山东齐融,1000-9999人,武汉 江岸区 江滩,26-35K,3-5年,大专,分公司经理,https://www.zhipin.com/job_detail/8af1eb485201c1a903J-29-8EFc~.html
京东尚科,10000人以上,武汉 江夏区 流芳,10-20K,3-5年,本科,Java,https://www.zhipin.com/job_detail/0932e9605ec4af8b1XJy2N27EVA~.html
小米,10000人以上,武汉 江夏区 光谷,13-26K,3-5年,本科,产品经理（业务中台方向）,https://www.zhipin.com/job_detail/63a85a81d048651e1HJ53tW-FVQ~.html
泰康健投,1000-9999人,武汉 洪山区 光谷东,15-20K·15薪,5-10年,本科,IT信息化负责人（武汉）,https://www.zhipin.com/job_detail/751caf2d9c3f785503Z73dq6FFQ~.html
途虎养车网,1000-9999人,武汉 洪山区 光谷,10-15K·14薪,3-5年,本科,Java开发工程师,https://www.zhipin.com/job_detail/919d6823530b122a1Hxz2dW_FlU~.html
中卫慧通,20-99人,武汉 武昌区 徐家棚,20-25K,5-10年,本科,产品总监,https://www.zhipin.com/job_detail/6d34776727e7cefe03J82NS0FFE~.html
多点Dmall,1000-9999人,武汉 洪山区 光谷,15-30K,1-3年,硕士,算法工程师,https://www.zhipin.com/job_detail/fafb120214efa14f1Hx43Ny1ElM~.html
华为,10000人以上,武汉 江夏区 光谷东,17-30K,经验不限,本科,NCE领域高级工程师,https://www.zhipin.com/job_detail/6ac62fbee222124503Vy3NW-EVo~.html
软通动力信息技术集团,10000人以上,武汉 江夏区 光谷东,10-15K,1-3年,本科,嵌入式软件开发(Linux C/C++）,https://www.zhipin.com/job_detail/fc9389aaf1549ce203R93969E1Y~.html
武汉佰钧成,10000人以上,武汉 洪山区 光谷东,10-15K,3-5年,本科,Web前端开发工程师,https://www.zhipin.com/job_detail/07489082ac77a5401HV72d20E1Q~.html
软通动力,10000人以上,武汉 江夏区 光谷东,14-28K,经验不限,本科,Android开发工程师,https://www.zhipin.com/job_detail/3fa99629c4899e761XN529i6ElA~.html
人人网,1000-9999人,武汉 洪山区 光谷,12-20K·14薪,3-5年,本科,高级前端开发,https://www.zhipin.com/job_detail/b11724bac7d4db821nN70t-5Flc~.html
丰巢科技,1000-9999人,武汉 江夏区 光谷东,11-20K·15薪,3-5年,本科,前端开发工程师,https://www.zhipin.com/job_detail/316fbeb5f27ae1661HZ52Ni_GVY~.html
1药网,1000-9999人,武汉 洪山区 光谷,10-20K,5-10年,本科,高级开发工程师,https://www.zhipin.com/job_detail/dd27d06c7a2c2e881n183N69EFc~.html
小米,10000人以上,武汉 江夏区 流芳,15-28K,经验不限,本科,PHP开发工程师,https://www.zhipin.com/job_detail/60099a0feb4d0eec1HV-2NS0FVo~.html
恒安嘉新,500-999人,武汉 东西湖区 三店,25-50K,5-10年,本科,JAVA架构师,https://www.zhipin.com/job_detail/a516a28cef6f8cd61Hx72Nm5Fls~.html
险峰华兴,20-99人,武汉 洪山区 光谷,20-30K,3-5年,本科,python,https://www.zhipin.com/job_detail/eb77b254e125c5281nF92Nq_FVI~.html
科蓝软件,1000-9999人,武汉  ,11-20K,3-5年,本科,大数据开发工程师（武汉）,https://www.zhipin.com/job_detail/9839a486572bad5b03F73Nu0FVA~.html
先进数通,1000-9999人,武汉 武昌区 积玉桥,12-23K,5-10年,本科,技术经理,https://www.zhipin.com/job_detail/563ba278808511251XR809S8GVM~.html
多点Dmall,1000-9999人,武汉 洪山区 光谷,15-25K,1-3年,本科,Java工程师-搜索推荐方向,https://www.zhipin.com/job_detail/4b1c84798068e2d51Hx43Ny5FFo~.html
北京锐安科技,1000-9999人,武汉 洪山区 光谷,14-20K·13薪,5-10年,本科,Java,https://www.zhipin.com/job_detail/3ad3ef2f65e7f36b1XR-2Nu6E1I~.html
神州信息,1000-9999人,武汉 江夏区 光谷,25-50K,5-10年,本科,领域专家,https://www.zhipin.com/job_detail/472f02524c2158c703J-2dm_GVY~.html
武汉巨人教育,1000-9999人,武汉 武昌区 中南路,20-25K·14薪,5-10年,本科,财务总监,https://www.zhipin.com/job_detail/a8e710010daddb3603d82dy9EFU~.html
客如云,1000-9999人,武汉 武昌区 丁字桥,15-20K,5-10年,大专,售前技术经理,https://www.zhipin.com/job_detail/b7d078d7415921551H1-3d29FlY~.html
上海保隆汽车科技...,1000-9999人,武汉 洪山区 光谷,12-20K·14薪,1-3年,本科,雷达算法工程师,https://www.zhipin.com/job_detail/0201dec737a2b4821HZ-09W8FFc~.html
高德红外,1000-9999人,武汉 洪山区 光谷,12-17K·14薪,1-3年,本科,DSP开发工程师,https://www.zhipin.com/job_detail/35fa6e46069407c103J73dq9EVU~.html
伴鱼,1000-9999人,武汉 洪山区 光谷,20-24K,1年以内,大专,武汉五险一金销售高薪资高福利,https://www.zhipin.com/job_detail/b969f99df43d3d4403Z92dm1EVQ~.html
神州信息,1000-9999人,武汉 江夏区 光谷,30-60K,5-10年,本科,高级咨询师,https://www.zhipin.com/job_detail/3a13e3a44b28e60703d52t64EFo~.html
一一万物,100-499人,武汉 洪山区 关山,20-40K·13薪,3-5年,本科,高级PHP开发工程师,https://www.zhipin.com/job_detail/769a050654efa9e61HZ72Nu_EFQ~.html
兴业消费金融,1000-9999人,武汉 江岸区 三阳路,20-25K,应届生,本科,优才计划客户经理,https://www.zhipin.com/job_detail/cbc6a8c5343c161a03d70tm7ElE~.html
跟谁学,1000-9999人,武汉 洪山区 街道口,15-30K·14薪,3-5年,本科,前端工程师,https://www.zhipin.com/job_detail/a96c1c98d881495903R83N-1FFQ~.html
易酒批,1000-9999人,武汉 洪山区 光谷东,15-20K,5-10年,本科,.Net高级开发工程师,https://www.zhipin.com/job_detail/fccc5c4a2401d64e1XJ73tm8FlI~.html
神州信息,1000-9999人,武汉  ,12-20K·13薪,5-10年,本科,Java高级开发工程师,https://www.zhipin.com/job_detail/4463d1c92248f64103J_09y9EFE~.html
博泰(PATEO),1000-9999人,武汉 蔡甸区 沌口,16-30K·14薪,5-10年,本科,Java架构师/技术经理,https://www.zhipin.com/job_detail/9581c66d2c0c9bb81XF82tW0ElY~.html
楚天龙智能卡,1000-9999人,武汉 武昌区 水果湖,10-15K·13薪,5-10年,本科,高级JAVA开发工程师,https://www.zhipin.com/job_detail/0ab5db2e8a81279b1XZ53ti7EVo~.html
软通动力,10000人以上,武汉 江夏区 光谷东,15-25K,3-5年,本科,安卓开发Android,https://www.zhipin.com/job_detail/3eb6be730ef2eace03J82tW9Elc~.html
方圆建筑模具,1000-9999人,武汉 洪山区 光谷,12-15K,5-10年,本科,项目主管,https://www.zhipin.com/job_detail/b6192fbf0965774803Z43d69FVE~.html
Hisense,10000人以上,武汉 江夏区 藏龙岛,22-28K,3-5年,硕士,语义平台工程师,https://www.zhipin.com/job_detail/5b75143ac55475431HZz2ty_FVU~.html
小米,10000人以上,武汉 江夏区 光谷,13-26K,经验不限,本科,产品经理（新零售方向）,https://www.zhipin.com/job_detail/1577f6ad1a016a801HJ53tW5FFQ~.html
武汉佰钧成,10000人以上,武汉 江夏区 光谷东,12-20K,3-5年,本科,Android开发,https://www.zhipin.com/job_detail/6387cc35eba48c691Hx-29m5F1A~.html
丰巢科技,1000-9999人,武汉 江夏区 光谷东,15-25K·15薪,3-5年,本科,高级驱动开发工程师-武汉,https://www.zhipin.com/job_detail/ab040572a11a26e003d_2N65E1c~.html
易酒批,1000-9999人,武汉 洪山区 光谷,11-18K,3-5年,本科,Web前端高级开发工程师,https://www.zhipin.com/job_detail/8d47e9fe69c7f8bf1HVz2Nm5FFY~.html
斗鱼,500-999人,武汉 洪山区 光谷,15-25K·15薪,5-10年,本科,自动化运维工程师,https://www.zhipin.com/job_detail/91de95f5c4f777e003Fy2d61Flc~.html
大玩家,1000-9999人,武汉 江夏区 光谷东,13-22K,5-10年,本科,数据库高级工程师/数据库管理员(DBA),https://www.zhipin.com/job_detail/c7981b117d4811711HB92du9ElY~.html
上海联影医疗,1000-9999人,武汉 江夏区 光谷东,13-26K·14薪,1-3年,硕士,CT系统工程师（物理算法背景）,https://www.zhipin.com/job_detail/82fd8e415b5d91e803Bz3d-9F1I~.html
天融信,1000-9999人,武汉 洪山区 光谷,10-15K·14薪,3-5年,本科,密码机高级开发工程师（LINUXC）(J10791),https://www.zhipin.com/job_detail/d2b22d18cdd1cd7503Z-29m0ElQ~.html
武大吉奥,1000-9999人,武汉 洪山区 光谷,30-50K·14薪,10年以上,硕士,人力资源副总裁,https://www.zhipin.com/job_detail/d003471bc5051b171H1939i8GFs~.html
武汉佰钧成,10000人以上,武汉 江夏区 光谷东,12-18K,3-5年,本科,数据挖掘,https://www.zhipin.com/job_detail/bd08bd4c1207471d03Zy3tS0EVA~.html
人人网,1000-9999人,武汉 洪山区 光谷,25-40K,5-10年,本科,产品总监,https://www.zhipin.com/job_detail/fe121e613fd19bd21XR62926FVQ~.html
梦象家,HR,武汉 江夏区 光谷,15-20K,1-3年,本科,SLAM算法工程师,https://www.zhipin.com/job_detail/f20bd80263a47b3a03N53dW6EFY~.html
丰巢科技,1000-9999人,武汉 江夏区 光谷东,15-25K·15薪,3-5年,本科,Java开发工程师,https://www.zhipin.com/job_detail/e4b4cd3a66098dbc1H163N67F1M~.html
万科物业,1000-9999人,武汉 江汉区 车站,35-40K,1年以内,学历不限,案场安全员,https://www.zhipin.com/job_detail/5029eaa18b33acf11nF53dW0FlE~.html
软通动力,10000人以上,武汉 江夏区 光谷东,10-15K,1-3年,本科,Android开发,https://www.zhipin.com/job_detail/8656b97e9881b72e1Hd72d28E1I~.html
高顿教育集团,1000-9999人,武汉 洪山区 光谷,20-25K,5-10年,本科,分校校长/总经理,https://www.zhipin.com/job_detail/57d5a37f5348ef3c03F53Nu8E1o~.html
尚德机构,10000人以上,武汉 洪山区 光谷,11-15K,1-3年,本科,项目助理,https://www.zhipin.com/job_detail/ce7b5da88b241a3103N53du0E1o~.html
ThoughtWorks,1000-9999人,武汉 洪山区 光谷,12-24K,3-5年,本科,java开发工程师,https://www.zhipin.com/job_detail/3ac3c8457d1addb41nB50t21ElU~.html
点点,100-499人,武汉 洪山区 光谷,20-30K,5-10年,本科,JAVA开发工程师,https://www.zhipin.com/job_detail/747f9d17c89410fc03N53N2-E1U~.html
喵乐多宠物有限公司,总经理,武汉 洪山区 珞南,20-30K,3-5年,学历不限,淘宝运营,https://www.zhipin.com/job_detail/4dbf57d44204c35f1H192NW5FlM~.html
神州数码,10000人以上,武汉 洪山区 珞狮南路,16-25K,5-10年,本科,银行系统架构师,https://www.zhipin.com/job_detail/21cec382e6a097f71HN82d-9EFU~.html
斗鱼,500-999人,武汉 洪山区 光谷,20-30K·15薪,5-10年,本科,高级产品经理（商业活动）,https://www.zhipin.com/job_detail/cafd01ae1137d73b03F629W6GFo~.html
芯知软件,100-499人,武汉 洪山区 光谷,20-30K,1-3年,大专,android系统功耗开发,https://www.zhipin.com/job_detail/5f55611028598b4d03d82d61FVc~.html
小米,10000人以上,武汉 江夏区 流芳,14-28K,3-5年,本科,测试开发,https://www.zhipin.com/job_detail/8ef2129ff49af4e11XB92tq-FFU~.html
斗鱼直播,1000-9999人,武汉 洪山区 光谷,15-25K·15薪,3-5年,本科,高级产品经理,https://www.zhipin.com/job_detail/b5a55149f12c246603F-0tS8EFU~.html
金山办公软件,1000-9999人,武汉 洪山区 关山,15-30K,3-5年,本科,C++开发工程师,https://www.zhipin.com/job_detail/67fda7a4786f287a1nJ40tS8Elo~.html
诚迈科技,1000-9999人,武汉 江夏区 光谷东,10-15K,1-3年,本科,Android,https://www.zhipin.com/job_detail/711924ac10140c831Xx92dy7EFU~.html
伴鱼,1000-9999人,武汉 洪山区 光谷,21-24K,经验不限,大专,底薪4.6K/五险一金/课程顾问,https://www.zhipin.com/job_detail/f9abdac98a32f3f503Bz29-5FlQ~.html
康泰医学,1000-9999人,武汉 洪山区 关山,12-15K,1-3年,本科,ios开发工程师,https://www.zhipin.com/job_detail/6f5f1d1ab618676b1XB73d6-FFs~.html
诚迈科技,1000-9999人,武汉  ,10-15K,1-3年,本科,手机协议开发工程师,https://www.zhipin.com/job_detail/cbd127e27639db161Xx92dy7EFA~.html
小米,10000人以上,武汉 江夏区 流芳,15-30K,3-5年,本科,Java工程师,https://www.zhipin.com/job_detail/d78baf6db608f21f1XN52NW8ElA~.html
美丽修行,100-499人,武汉 洪山区 光谷,20-40K,3-5年,学历不限,运营总监,https://www.zhipin.com/job_detail/c1a897874d7f961a0nJ52N4~.html
烽火通信,10000人以上,武汉 江夏区 藏龙岛,11-20K,经验不限,本科,软件工程师(Android App),https://www.zhipin.com/job_detail/720e0db1e8a6912f1HZ53ty_EVc~.html
中国航天科工,10000人以上,武汉 东西湖区 吴家山,10-15K,3-5年,硕士,技术经理,https://www.zhipin.com/job_detail/de5961705a6b88211Hd739m4GFY~.html
宇轩网络,500-999人,武汉 洪山区 光谷,10-15K·13薪,3-5年,大专,测试工程师（交换机）,https://www.zhipin.com/job_detail/d2fc83450af6d64c03Jy3tW5FFE~.html
天诚众智,500-999人,武汉 洪山区 珞南,16-28K,经验不限,本科,技术经理,https://www.zhipin.com/job_detail/064cb1cba772e58c03F93dm8FVQ~.html
